created_at,Instrument,GV1_DATE,expected_tp,Pcase,GEN_VAL3,3.5,3.75,4.0,4.25,4.5,4.75,5.0,5.25,5.5,5.75,6.0,datehour,date
2023-07-18 23:00:06.620589,USIRP25F2=R,2023-09-20,5.394,14.000000000000002,5.125,,,,,,,,5.5,81.4,13.1,,2023-07-18_23,2023-07-18
2023-07-18 23:00:06.620589,USIRP25F3=R,2023-11-01,5.4405,18.61999999999999,5.125,,,,,,,,4.5,67.3,25.8,2.4,2023-07-18_23,2023-07-18
2023-07-18 23:00:06.620589,USIRP25F4=R,2023-12-13,5.3715,27.61999999999999,5.125,,,,,,,1.2,21.8,55.8,19.4,1.8,2023-07-18_23,2023-07-18
2023-07-18 23:00:06.620589,USIRP25F5=R,2024-01-31,5.249,49.00000000000001,5.125,,,,,,0.6,11.3,38.5,38.0,10.7,0.9,2023-07-18_23,2023-07-18
2023-07-18 23:00:06.620589,USIRP25F6=R,2024-03-20,5.069,72.0,5.125,,,,,0.4,8.3,30.9,38.1,18.4,3.7,0.3,2023-07-18_23,2023-07-18
2023-07-18 23:00:06.620589,USIRP25F7=R,2024-05-01,4.8675,80.596,5.125,,,,0.4,6.8,26.5,36.7,22.2,6.5,0.9,0.0,2023-07-18_23,2023-07-18
2023-07-18 23:00:06.620589,USIRP25F8=R,2024-06-12,4.649,87.4,5.125,,,0.3,6.0,24.0,35.4,24.0,8.5,1.6,0.2,0.0,2023-07-18_23,2023-07-18
2023-07-18 23:00:06.620589,USIRP25F9=R,2024-07-31,4.4415,82.99999999999997,5.125,,0.3,5.0,20.9,33.5,26.0,11.1,2.8,0.4,0.0,0.0,2023-07-18_23,2023-07-18
2023-07-18 23:00:06.620589,USIRP25F10=R,2024-09-18,4.2265,86.0,5.125,0.2,4.3,18.7,31.7,27.0,13.2,4.0,0.7,0.1,0.0,0.0,2023-07-18_23,2023-07-18
2023-07-18 23:00:06.620589,USIRP25F11=R,2024-11-07,3.962,105.8,5.125,,,65.2,34.8,,,,,,,,2023-07-18_23,2023-07-18
2023-07-19 23:00:07.610604,USIRP25F2=R,2023-09-20,5.395,12.0,5.125,,,,,,,,3.5,85.0,11.5,,2023-07-19_23,2023-07-19
2023-07-19 23:00:07.610604,USIRP25F3=R,2023-11-01,5.4518,22.760000000000005,5.125,,,,,,,,2.7,66.4,28.2,2.6,2023-07-19_23,2023-07-19
2023-07-19 23:00:07.610604,USIRP25F4=R,2023-12-13,5.39,24.760000000000005,5.125,,,,,,,0.7,18.5,57.0,21.9,2.0,2023-07-19_23,2023-07-19
2023-07-19 23:00:07.610604,USIRP25F5=R,2024-01-31,5.2749,46.00000000000001,5.125,,,,,,0.3,8.9,36.2,40.8,12.7,1.1,2023-07-19_23,2023-07-19
2023-07-19 23:00:07.610604,USIRP25F6=R,2024-03-20,5.11,66.0,5.125,,,,,0.2,6.0,26.9,39.3,22.3,5.0,0.4,2023-07-19_23,2023-07-19
2023-07-19 23:00:07.610604,USIRP25F7=R,2024-05-01,4.9162,77.5,5.125,,,,0.2,4.7,22.2,36.5,26.1,8.9,1.4,0.1,2023-07-19_23,2023-07-19
2023-07-19 23:00:07.610604,USIRP25F8=R,2024-06-12,4.705,84.48,5.125,,,0.1,4.0,19.5,34.3,27.7,11.6,2.6,0.3,0.0,2023-07-19_23,2023-07-19
2023-07-19 23:00:07.610604,USIRP25F9=R,2024-07-31,4.5025,81.0,5.125,,0.1,3.2,16.5,31.4,29.0,14.6,4.3,0.7,0.1,0.0,2023-07-19_23,2023-07-19
2023-07-19 23:00:07.610604,USIRP25F10=R,2024-09-18,4.2925,84.0,5.125,0.1,2.7,14.4,29.1,29.4,16.9,5.9,1.3,0.2,0.0,0.0,2023-07-19_23,2023-07-19
2023-07-19 23:00:07.610604,USIRP25F11=R,2024-11-07,4.03,105.0,5.125,,,38.0,62.0,,,,,,,,2023-07-19_23,2023-07-19
2023-07-20 23:00:07.351849,USIRP25F2=R,2023-09-20,5.41,18.0,5.125,,,,,,,,3.3,79.4,17.3,,2023-07-20_23,2023-07-20
2023-07-20 23:00:07.351849,USIRP25F3=R,2023-11-01,5.4668,22.760000000000005,5.125,,,,,,,,2.5,62.1,31.4,3.9,2023-07-20_23,2023-07-20
2023-07-20 23:00:07.351849,USIRP25F4=R,2023-12-13,5.43,14.760000000000009,5.125,,,,,,,0.4,11.3,57.6,27.4,3.4,2023-07-20_23,2023-07-20
2023-07-20 23:00:07.351849,USIRP25F5=R,2024-01-31,5.345,34.0,5.125,,,,,,0.1,4.1,27.1,47.3,19.2,2.2,2023-07-20_23,2023-07-20
2023-07-20 23:00:07.351849,USIRP25F6=R,2024-03-20,5.205,56.00000000000001,5.125,,,,,0.1,2.4,17.0,38.4,31.6,9.7,1.0,2023-07-20_23,2023-07-20
2023-07-20 23:00:07.351849,USIRP25F7=R,2024-05-01,5.0344,68.2,5.125,,,,0.0,1.6,12.3,31.6,33.7,16.6,3.7,0.3,2023-07-20_23,2023-07-20
2023-07-20 23:00:07.351849,USIRP25F8=R,2024-06-12,4.8425,76.78,5.125,,,0.0,1.3,9.8,27.1,33.2,20.6,6.7,1.1,0.1,2023-07-20_23,2023-07-20
2023-07-20 23:00:07.351849,USIRP25F9=R,2024-07-31,4.655,75.0,5.125,,0.0,1.0,7.7,22.8,31.7,23.8,10.2,2.5,0.3,0.0,2023-07-20_23,2023-07-20
2023-07-20 23:00:07.351849,USIRP25F10=R,2024-09-18,4.4475,83.0,5.125,,0.8,6.5,20.2,30.2,25.1,12.5,3.8,0.7,0.1,0.0,2023-07-20_23,2023-07-20
2023-07-20 23:00:07.351849,USIRP25F11=R,2024-11-07,4.1825,106.0,5.125,,,,77.0,23.0,,,,,,,2023-07-20_23,2023-07-20
2023-07-21 23:00:07.242912,USIRP25F2=R,2023-09-20,5.405,16.0,5.125,,,,,,,,3.4,81.3,15.4,,2023-07-21_23,2023-07-21
2023-07-21 23:00:07.242912,USIRP25F3=R,2023-11-01,5.4567,20.691999999999997,5.125,,,,,,,,2.7,65.2,29.0,3.2,2023-07-21_23,2023-07-21
2023-07-21 23:00:07.242912,USIRP25F4=R,2023-12-13,5.415,16.691999999999993,5.125,,,,,,,0.4,13.1,59.1,24.7,2.6,2023-07-21_23,2023-07-21
2023-07-21 23:00:07.242912,USIRP25F5=R,2024-01-31,5.3324,33.0,5.125,,,,,,0.1,4.6,28.3,47.8,17.4,1.8,2023-07-21_23,2023-07-21
2023-07-21 23:00:07.242912,USIRP25F6=R,2024-03-20,5.2,53.0,5.125,,,,,0.1,2.5,17.2,38.6,31.7,9.1,0.8,2023-07-21_23,2023-07-21
2023-07-21 23:00:07.242912,USIRP25F7=R,2024-05-01,5.0346,66.132,5.125,,,,0.1,1.7,12.2,31.3,34.0,16.8,3.6,0.3,2023-07-21_23,2023-07-21
2023-07-21 23:00:07.242912,USIRP25F8=R,2024-06-12,4.8475,74.848,5.125,,,0.0,1.3,9.6,26.5,33.3,21.1,6.9,1.1,0.1,2023-07-21_23,2023-07-21
2023-07-21 23:00:07.242912,USIRP25F9=R,2024-07-31,4.6625,74.0,5.125,,0.0,1.0,7.4,22.1,31.6,24.3,10.6,2.6,0.3,0.0,2023-07-21_23,2023-07-21
2023-07-21 23:00:07.242912,USIRP25F10=R,2024-09-18,4.455,83.0,5.125,0.0,0.8,6.3,19.6,30.0,25.5,12.9,4.0,0.7,0.1,0.0,2023-07-21_23,2023-07-21
2023-07-21 23:00:07.242912,USIRP25F11=R,2024-11-07,4.21,98.0,5.125,0.8,6.2,19.3,29.8,25.6,13.2,4.2,0.8,0.1,0.0,0.0,2023-07-21_23,2023-07-21
2023-07-22 16:00:08.416446,USIRP25F2=R,2023-09-20,5.4024,15.0,5.125,,,,,,,,3.4,82.2,14.4,,2023-07-22_16,2023-07-22
2023-07-22 16:00:08.416446,USIRP25F3=R,2023-11-01,5.4568,21.724000000000004,5.125,,,,,,,,2.7,65.1,29.1,3.1,2023-07-22_16,2023-07-22
2023-07-22 16:00:08.416446,USIRP25F4=R,2023-12-13,5.41,18.724000000000004,5.125,,,,,,,0.5,14.3,58.3,24.3,2.5,2023-07-22_16,2023-07-22
2023-07-22 16:00:08.416446,USIRP25F5=R,2024-01-31,5.32,36.0,5.125,,,,,,0.2,5.5,30.2,46.1,16.4,1.6,2023-07-22_16,2023-07-22
2023-07-22 16:00:08.416446,USIRP25F6=R,2024-03-20,5.185,54.0,5.125,,,,,0.1,3.0,18.8,38.8,30.1,8.4,0.7,2023-07-22_16,2023-07-22
2023-07-22 16:00:08.416446,USIRP25F7=R,2024-05-01,5.0248,64.06,5.125,,,,0.1,2.0,13.2,31.6,33.2,16.2,3.5,0.3,2023-07-22_16,2023-07-22
2023-07-22 16:00:08.416446,USIRP25F8=R,2024-06-12,4.8325,76.92,5.125,,,0.0,1.5,10.6,27.3,32.8,20.1,6.4,1.0,0.1,2023-07-22_16,2023-07-22
2023-07-22 16:00:08.416446,USIRP25F9=R,2024-07-31,4.6475,74.0,5.125,,0.0,1.2,8.2,23.0,31.4,23.4,10.0,2.4,0.3,0.0,2023-07-22_16,2023-07-22
2023-07-22 16:00:08.416446,USIRP25F10=R,2024-09-18,4.4375,84.0,5.125,,1.0,7.1,20.6,30.1,24.7,12.2,3.6,0.6,0.1,0.0,2023-07-22_16,2023-07-22
2023-07-22 16:00:08.416446,USIRP25F11=R,2024-11-07,4.18,103.0,5.125,,,,78.0,22.0,,,,,,,2023-07-22_16,2023-07-22
2023-07-23 23:00:06.094413,USIRP25F2=R,2023-09-20,5.4024,15.0,5.125,,,,,,,,3.4,82.2,14.4,,2023-07-23_23,2023-07-23
2023-07-23 23:00:06.094413,USIRP25F3=R,2023-11-01,5.4568,21.724000000000004,5.125,,,,,,,,2.7,65.1,29.1,3.1,2023-07-23_23,2023-07-23
2023-07-23 23:00:06.094413,USIRP25F4=R,2023-12-13,5.41,18.724000000000004,5.125,,,,,,,0.5,14.3,58.3,24.3,2.5,2023-07-23_23,2023-07-23
2023-07-23 23:00:06.094413,USIRP25F5=R,2024-01-31,5.32,36.0,5.125,,,,,,0.2,5.5,30.2,46.1,16.4,1.6,2023-07-23_23,2023-07-23
2023-07-23 23:00:06.094413,USIRP25F6=R,2024-03-20,5.185,54.0,5.125,,,,,0.1,3.0,18.8,38.8,30.1,8.4,0.7,2023-07-23_23,2023-07-23
2023-07-23 23:00:06.094413,USIRP25F7=R,2024-05-01,5.0248,64.06,5.125,,,,0.1,2.0,13.2,31.6,33.2,16.2,3.5,0.3,2023-07-23_23,2023-07-23
2023-07-23 23:00:06.094413,USIRP25F8=R,2024-06-12,4.8325,76.92,5.125,,,0.0,1.5,10.6,27.3,32.8,20.1,6.4,1.0,0.1,2023-07-23_23,2023-07-23
2023-07-23 23:00:06.094413,USIRP25F9=R,2024-07-31,4.6475,74.0,5.125,,0.0,1.2,8.2,23.0,31.4,23.4,10.0,2.4,0.3,0.0,2023-07-23_23,2023-07-23
2023-07-23 23:00:06.094413,USIRP25F10=R,2024-09-18,4.4375,84.0,5.125,,1.0,7.1,20.6,30.1,24.7,12.2,3.6,0.6,0.1,0.0,2023-07-23_23,2023-07-23
2023-07-23 23:00:06.094413,USIRP25F11=R,2024-11-07,4.18,103.0,5.125,,,,78.0,22.0,,,,,,,2023-07-23_23,2023-07-23
2023-07-24 23:00:08.377325,USIRP25F2=R,2023-09-20,5.402,16.0,5.125,,,,,,,,4.4,80.5,15.2,,2023-07-24_23,2023-07-24
2023-07-24 23:00:08.377325,USIRP25F3=R,2023-11-01,5.4589,22.760000000000005,5.125,,,,,,,,3.4,63.1,30.0,3.5,2023-07-24_23,2023-07-24
2023-07-24 23:00:08.377325,USIRP25F4=R,2023-12-13,5.422,14.760000000000009,5.125,,,,,,,0.5,12.2,58.3,26.1,2.9,2023-07-24_23,2023-07-24
2023-07-24 23:00:08.377325,USIRP25F5=R,2024-01-31,5.337,34.0,5.125,,,,,,0.2,4.5,27.9,47.3,18.2,1.9,2023-07-24_23,2023-07-24
2023-07-24 23:00:08.377325,USIRP25F6=R,2024-03-20,5.197,56.00000000000001,5.125,,,,,0.1,2.6,17.6,38.8,31.0,9.1,0.9,2023-07-24_23,2023-07-24
2023-07-24 23:00:08.377325,USIRP25F7=R,2024-05-01,5.0265,68.2,5.125,,,,0.1,1.8,12.8,32.0,33.5,16.1,3.5,0.3,2023-07-24_23,2023-07-24
2023-07-24 23:00:08.377325,USIRP25F8=R,2024-06-12,4.8345,76.78800000000001,5.125,,,0.0,1.4,10.2,27.6,33.1,20.1,6.4,1.0,0.1,2023-07-24_23,2023-07-24
2023-07-24 23:00:08.377325,USIRP25F9=R,2024-07-31,4.642,76.99999999999999,5.125,,0.0,1.1,8.2,23.6,31.9,23.1,9.6,2.3,0.3,0.0,2023-07-24_23,2023-07-24
2023-07-24 23:00:08.377325,USIRP25F10=R,2024-09-18,4.4345,83.0,5.125,,0.9,7.0,21.0,30.5,24.6,11.9,3.5,0.6,0.1,0.0,2023-07-24_23,2023-07-24
2023-07-24 23:00:08.377325,USIRP25F11=R,2024-11-07,4.157,111.0,5.125,,,,87.2,12.8,,,,,,,2023-07-24_23,2023-07-24
2023-07-25 23:00:07.693437,USIRP25F2=R,2023-09-20,5.4179,20.0,5.125,,,,,,,,2.2,78.3,19.4,,2023-07-25_23,2023-07-25
2023-07-25 23:00:07.693437,USIRP25F3=R,2023-11-01,5.48,24.828000000000003,5.125,,,,,,,,1.7,59.4,34.1,4.8,2023-07-25_23,2023-07-25
2023-07-25 23:00:07.693437,USIRP25F4=R,2023-12-13,5.4479,12.828000000000005,5.125,,,,,,,0.2,9.1,56.2,30.3,4.2,2023-07-25_23,2023-07-25
2023-07-25 23:00:07.693437,USIRP25F5=R,2024-01-31,5.3729,30.0,5.125,,,,,,0.1,2.9,23.2,48.4,22.5,2.9,2023-07-25_23,2023-07-25
2023-07-25 23:00:07.693437,USIRP25F6=R,2024-03-20,5.2529,48.0,5.125,,,,,0.0,1.4,12.6,35.3,36.0,13.1,1.5,2023-07-25_23,2023-07-25
2023-07-25 23:00:07.693437,USIRP25F7=R,2024-05-01,5.0979,62.0,5.125,,,,0.0,0.9,8.4,26.7,35.7,21.8,5.9,0.6,2023-07-25_23,2023-07-25
2023-07-25 23:00:07.693437,USIRP25F8=R,2024-06-12,4.923,69.972,5.125,,,0.0,0.6,6.1,21.2,33.0,26.0,10.7,2.2,0.2,2023-07-25_23,2023-07-25
2023-07-25 23:00:07.693437,USIRP25F9=R,2024-07-31,4.748,70.00000000000001,5.125,,0.0,0.4,4.5,16.7,29.5,28.1,15.3,4.7,0.8,0.1,2023-07-25_23,2023-07-25
2023-07-25 23:00:07.693437,USIRP25F10=R,2024-09-18,4.553,78.0,5.125,,0.3,3.6,14.0,26.7,28.4,18.1,7.1,1.6,0.2,0.0,2023-07-25_23,2023-07-25
2023-07-25 23:00:07.693437,USIRP25F11=R,2024-11-07,4.288,106.0,5.125,,,,34.8,65.2,,,,,,,2023-07-25_23,2023-07-25
2023-07-26 23:00:06.780912,USIRP25F2=R,2023-09-20,5.4239,20.0,5.125,,,,,,,,0.3,79.8,19.9,,2023-07-26_23,2023-07-26
2023-07-26 23:00:06.780912,USIRP25F3=R,2023-11-01,5.4911,26.89999999999999,5.125,,,,,,,,0.2,58.4,36.0,5.4,2023-07-26_23,2023-07-26
2023-07-26 23:00:06.780912,USIRP25F4=R,2023-12-13,5.4589,12.899999999999975,5.125,,,,,,,0.0,7.7,55.5,32.1,4.7,2023-07-26_23,2023-07-26
2023-07-26 23:00:06.780912,USIRP25F5=R,2024-01-31,5.3839,30.00000000000001,5.125,,,,,,0.0,2.3,22.1,48.5,23.8,3.3,2023-07-26_23,2023-07-26
2023-07-26 23:00:06.780912,USIRP25F6=R,2024-03-20,5.2589,50.0,5.125,,,,,0.0,1.2,12.2,35.3,36.2,13.6,1.6,2023-07-26_23,2023-07-26
2023-07-26 23:00:06.780912,USIRP25F7=R,2024-05-01,5.1091,59.932,5.125,,,,0.0,0.7,7.8,26.0,35.8,22.6,6.4,0.7,2023-07-26_23,2023-07-26
2023-07-26 23:00:06.780912,USIRP25F8=R,2024-06-12,4.9264,73.064,5.125,,,0.0,0.5,5.9,21.1,33.2,26.2,10.8,2.2,0.2,2023-07-26_23,2023-07-26
2023-07-26 23:00:06.780912,USIRP25F9=R,2024-07-31,4.7439,73.0,5.125,,0.0,0.4,4.4,17.0,29.9,28.1,14.9,4.5,0.7,0.0,2023-07-26_23,2023-07-26
2023-07-26 23:00:06.780912,USIRP25F10=R,2024-09-18,4.5464,79.0,5.125,,0.3,3.6,14.4,27.2,28.4,17.7,6.7,1.5,0.2,0.0,2023-07-26_23,2023-07-26
2023-07-26 23:00:06.780912,USIRP25F11=R,2024-11-07,4.2764,108.0,5.125,,,,39.4,60.6,,,,,,,2023-07-26_23,2023-07-26
2023-07-27 23:05:29.043173,USIRP25F1=R,2023-09-20,5.435,,5.375,,,,,,,,,76.0,24.0,,2023-07-27_23,2023-07-27
2023-07-27 23:05:29.043173,USIRP25F2=R,2023-11-01,5.4816,18.62,5.375,,,,,,,,,61.8,33.7,4.5,2023-07-27_23,2023-07-27
2023-07-27 23:05:29.043173,USIRP25F3=R,2023-12-13,5.4525,11.619999999999996,5.375,,,,,,,,7.2,58.6,30.3,3.9,2023-07-27_23,2023-07-27
2023-07-27 23:05:29.043173,USIRP25F4=R,2024-01-31,5.395,23.0,5.375,,,,,,,1.7,19.0,52.1,24.2,3.0,2023-07-27_23,2023-07-27
2023-07-27 23:05:29.043173,USIRP25F5=R,2024-03-20,5.29,42.0,5.375,,,,,,0.7,8.9,32.9,40.4,15.3,1.8,2023-07-27_23,2023-07-27
2023-07-27 23:05:29.043173,USIRP25F6=R,2024-05-01,5.1609,51.64,5.375,,,,,0.4,5.0,21.3,36.8,27.4,8.3,0.9,2023-07-27_23,2023-07-27
2023-07-27 23:05:29.043173,USIRP25F7=R,2024-06-12,4.9925,67.36,5.375,,,,0.2,3.5,16.0,31.7,30.5,14.6,3.3,0.3,2023-07-27_23,2023-07-27
2023-07-27 23:05:29.043173,USIRP25F8=R,2024-07-31,4.82,69.0,5.375,,,0.2,2.5,12.1,26.8,30.9,19.5,6.8,1.2,0.1,2023-07-27_23,2023-07-27
2023-07-27 23:05:29.043173,USIRP25F9=R,2024-09-18,4.6225,79.0,5.375,,0.1,2.0,10.1,23.7,30.0,21.9,9.5,2.4,0.3,0.0,2023-07-27_23,2023-07-27
2023-07-27 23:05:29.043173,USIRP25F10=R,2024-11-07,4.4236,79.56,5.375,0.1,1.6,8.4,20.9,28.7,23.5,12.0,3.8,0.7,0.1,0.0,2023-07-27_23,2023-07-27
2023-07-27 23:05:29.043173,USIRP25F11=R,2024-12-18,4.27,61.44,5.375,1.0,5.8,16.1,25.7,25.5,16.5,7.0,1.9,0.3,0.0,0.0,2023-07-27_23,2023-07-27
2023-07-28 23:00:07.033590,USIRP25F1=R,2023-09-20,5.42,,5.375,,,,,,,,,82.0,18.0,,2023-07-28_23,2023-07-28
2023-07-28 23:00:07.033590,USIRP25F2=R,2023-11-01,5.4666,18.62,5.375,,,,,,,,,66.7,29.9,3.4,2023-07-28_23,2023-07-28
2023-07-28 23:00:07.033590,USIRP25F3=R,2023-12-13,5.425,16.619999999999997,5.375,,,,,,,,11.1,60.6,25.5,2.8,2023-07-28_23,2023-07-28
2023-07-28 23:00:07.033590,USIRP25F4=R,2024-01-31,5.35,30.0,5.375,,,,,,,3.3,25.9,50.1,18.7,2.0,2023-07-28_23,2023-07-28
2023-07-28 23:00:07.033590,USIRP25F5=R,2024-03-20,5.2325,47.0,5.375,,,,,,1.6,14.0,37.3,35.3,10.8,1.0,2023-07-28_23,2023-07-28
2023-07-28 23:00:07.033590,USIRP25F6=R,2024-05-01,5.0905,56.8,5.375,,,,,0.9,8.6,27.2,36.2,21.4,5.3,0.4,2023-07-28_23,2023-07-28
2023-07-28 23:00:07.033590,USIRP25F7=R,2024-06-12,4.915,70.2,5.375,,,,0.6,6.3,21.7,33.5,25.8,10.1,1.9,0.1,2023-07-28_23,2023-07-28
2023-07-28 23:00:07.033590,USIRP25F8=R,2024-07-31,4.74,70.0,5.375,,,0.4,4.6,17.1,30.0,28.1,14.8,4.3,0.7,0.0,2023-07-28_23,2023-07-28
2023-07-28 23:00:07.033590,USIRP25F9=R,2024-09-18,4.5425,79.0,5.375,,0.3,3.7,14.4,27.2,28.5,17.6,6.5,1.4,0.2,0.0,2023-07-28_23,2023-07-28
2023-07-28 23:00:07.033590,USIRP25F10=R,2024-11-07,4.341,80.60000000000002,5.375,0.3,3.1,12.4,24.8,28.3,19.7,8.7,2.4,0.4,0.0,0.0,2023-07-28_23,2023-07-28
2023-07-28 23:00:07.033590,USIRP25F11=R,2024-12-18,4.188,61.19999999999999,5.375,2.0,8.8,20.0,26.9,23.0,13.0,4.9,1.2,0.2,0.0,0.0,2023-07-28_23,2023-07-28
2023-07-29 23:00:05.969848,USIRP25F1=R,2023-09-20,5.425,,5.375,,,,,,,,,80.0,20.0,,2023-07-29_23,2023-07-29
2023-07-29 23:00:05.969848,USIRP25F2=R,2023-11-01,5.4664,16.552,5.375,,,,,,,,,66.8,29.9,3.3,2023-07-29_23,2023-07-29
2023-07-29 23:00:05.969848,USIRP25F3=R,2023-12-13,5.425,16.552,5.375,,,,,,,,11.0,60.7,25.5,2.8,2023-07-29_23,2023-07-29
2023-07-29 23:00:05.969848,USIRP25F4=R,2024-01-31,5.3675,23.0,5.375,,,,,,,2.5,22.5,52.6,20.3,2.1,2023-07-29_23,2023-07-29
2023-07-29 23:00:05.969848,USIRP25F5=R,2024-03-20,5.24,51.0,5.375,,,,,,1.3,12.7,37.8,36.1,11.0,1.0,2023-07-29_23,2023-07-29
2023-07-29 23:00:05.969848,USIRP25F6=R,2024-05-01,5.1057,53.72,5.375,,,,,0.7,7.4,26.2,36.9,22.6,5.7,0.5,2023-07-29_23,2023-07-29
2023-07-29 23:00:05.969848,USIRP25F7=R,2024-06-12,4.9625,57.28,5.375,,,,0.4,4.5,18.2,32.3,28.7,12.9,2.7,0.2,2023-07-29_23,2023-07-29
2023-07-29 23:00:05.969848,USIRP25F8=R,2024-07-31,4.7925,68.0,5.375,,,0.3,3.2,13.8,27.8,29.9,18.0,6.0,1.0,0.1,2023-07-29_23,2023-07-29
2023-07-29 23:00:05.969848,USIRP25F9=R,2024-09-18,4.5975,78.0,5.375,,0.2,2.6,11.5,24.7,29.4,20.6,8.6,2.1,0.3,0.0,2023-07-29_23,2023-07-29
2023-07-29 23:00:05.969848,USIRP25F10=R,2024-11-07,4.4019,78.24000000000001,5.375,0.2,2.1,9.5,21.8,28.4,22.5,11.2,3.5,0.7,0.1,0.0,2023-07-29_23,2023-07-29
2023-07-29 23:00:05.969848,USIRP25F11=R,2024-12-18,4.253,59.56,5.375,1.3,6.5,16.9,25.7,24.9,15.8,6.6,1.8,0.3,0.0,0.0,2023-07-29_23,2023-07-29
2023-07-30 23:00:05.904995,USIRP25F1=R,2023-09-20,5.425,,5.375,,,,,,,,,80.0,20.0,,2023-07-30_23,2023-07-30
2023-07-30 23:00:05.904995,USIRP25F2=R,2023-11-01,5.4664,16.552,5.375,,,,,,,,,66.8,29.9,3.3,2023-07-30_23,2023-07-30
2023-07-30 23:00:05.904995,USIRP25F3=R,2023-12-13,5.425,16.552,5.375,,,,,,,,11.0,60.7,25.5,2.8,2023-07-30_23,2023-07-30
2023-07-30 23:00:05.904995,USIRP25F4=R,2024-01-31,5.3675,23.0,5.375,,,,,,,2.5,22.5,52.6,20.3,2.1,2023-07-30_23,2023-07-30
2023-07-30 23:00:05.904995,USIRP25F5=R,2024-03-20,5.24,51.0,5.375,,,,,,1.3,12.7,37.8,36.1,11.0,1.0,2023-07-30_23,2023-07-30
2023-07-30 23:00:05.904995,USIRP25F6=R,2024-05-01,5.1057,53.72,5.375,,,,,0.7,7.4,26.2,36.9,22.6,5.7,0.5,2023-07-30_23,2023-07-30
2023-07-30 23:00:05.904995,USIRP25F7=R,2024-06-12,4.9625,57.28,5.375,,,,0.4,4.5,18.2,32.3,28.7,12.9,2.7,0.2,2023-07-30_23,2023-07-30
2023-07-30 23:00:05.904995,USIRP25F8=R,2024-07-31,4.7925,68.0,5.375,,,0.3,3.2,13.8,27.8,29.9,18.0,6.0,1.0,0.1,2023-07-30_23,2023-07-30
2023-07-30 23:00:05.904995,USIRP25F9=R,2024-09-18,4.5975,78.0,5.375,,0.2,2.6,11.5,24.7,29.4,20.6,8.6,2.1,0.3,0.0,2023-07-30_23,2023-07-30
2023-07-30 23:00:05.904995,USIRP25F10=R,2024-11-07,4.4019,78.24000000000001,5.375,0.2,2.1,9.5,21.8,28.4,22.5,11.2,3.5,0.7,0.1,0.0,2023-07-30_23,2023-07-30
2023-07-30 23:00:05.904995,USIRP25F11=R,2024-12-18,4.253,59.56,5.375,1.3,6.5,16.9,25.7,24.9,15.8,6.6,1.8,0.3,0.0,0.0,2023-07-30_23,2023-07-30
2023-07-31 23:00:08.062044,USIRP25F1=R,2023-09-20,5.4262,,5.375,,,,,,,,,79.5,20.5,,2023-07-31_23,2023-07-31
2023-07-31 23:00:08.062044,USIRP25F2=R,2023-11-01,5.4676,16.552,5.375,,,,,,,,,66.3,30.3,3.4,2023-07-31_23,2023-07-31
2023-07-31 23:00:08.062044,USIRP25F3=R,2023-12-13,5.4312,14.551999999999998,5.375,,,,,,,,9.7,61.1,26.4,2.9,2023-07-31_23,2023-07-31
2023-07-31 23:00:08.062044,USIRP25F4=R,2024-01-31,5.3562,30.0,5.375,,,,,,,2.9,25.1,50.7,19.3,2.0,2023-07-31_23,2023-07-31
2023-07-31 23:00:08.062044,USIRP25F5=R,2024-03-20,5.2413,45.98,5.375,,,,,,1.3,13.1,36.8,36.3,11.4,1.1,2023-07-31_23,2023-07-31
2023-07-31 23:00:08.062044,USIRP25F6=R,2024-05-01,5.0966,57.88,5.375,,,,,0.8,8.1,26.8,36.5,21.9,5.4,0.5,2023-07-31_23,2023-07-31
2023-07-31 23:00:08.062044,USIRP25F7=R,2024-06-12,4.9213,70.11999999999999,5.375,,,,0.5,5.9,21.3,33.6,26.2,10.3,1.9,0.1,2023-07-31_23,2023-07-31
2023-07-31 23:00:08.062044,USIRP25F8=R,2024-07-31,4.7463,70.0,5.375,,,0.4,4.3,16.7,29.9,28.4,15.1,4.5,0.7,0.0,2023-07-31_23,2023-07-31
2023-07-31 23:00:08.062044,USIRP25F9=R,2024-09-18,4.5488,79.00000000000003,5.375,,0.3,3.5,14.1,27.1,28.8,17.9,6.7,1.5,0.2,0.0,2023-07-31_23,2023-07-31
2023-07-31 23:00:08.062044,USIRP25F10=R,2024-11-07,4.354,77.91999999999996,5.375,0.2,2.8,11.7,24.2,28.4,20.3,9.2,2.6,0.5,0.0,0.0,2023-07-31_23,2023-07-31
2023-07-31 23:00:08.062044,USIRP25F11=R,2024-12-18,4.199,62.0,5.375,1.8,8.3,19.5,26.8,23.4,13.4,5.1,1.3,0.2,0.0,0.0,2023-07-31_23,2023-07-31
2023-08-01 23:00:06.568103,USIRP25F1=R,2023-09-20,5.4212,,5.375,,,,,,,,,81.5,18.5,,2023-08-01_23,2023-08-01
2023-08-01 23:00:06.568103,USIRP25F2=R,2023-11-01,5.4678,18.62,5.375,,,,,,,,,66.3,30.2,3.4,2023-08-01_23,2023-08-01
2023-08-01 23:00:06.568103,USIRP25F3=R,2023-12-13,5.4312,14.619999999999996,5.375,,,,,,,,9.7,61.0,26.3,2.9,2023-08-01_23,2023-08-01
2023-08-01 23:00:06.568103,USIRP25F4=R,2024-01-31,5.3588,29.0,5.375,,,,,,,2.8,24.6,51.0,19.5,2.1,2023-08-01_23,2023-08-01
2023-08-01 23:00:06.568103,USIRP25F5=R,2024-03-20,5.2463,44.98,5.375,,,,,,1.3,12.6,36.5,36.8,11.7,1.1,2023-08-01_23,2023-08-01
2023-08-01 23:00:06.568103,USIRP25F6=R,2024-05-01,5.1068,55.8,5.375,,,,,0.7,7.6,25.9,36.7,22.8,5.8,0.5,2023-08-01_23,2023-08-01
2023-08-01 23:00:06.568103,USIRP25F7=R,2024-06-12,4.9363,68.19999999999999,5.375,,,,0.5,5.4,20.1,33.2,27.2,11.2,2.2,0.2,2023-08-01_23,2023-08-01
2023-08-01 23:00:06.568103,USIRP25F8=R,2024-07-31,4.7638,69.0,5.375,,,0.3,3.9,15.5,29.2,29.1,16.2,5.0,0.8,0.1,2023-08-01_23,2023-08-01
2023-08-01 23:00:06.568103,USIRP25F9=R,2024-09-18,4.5713,77.00000000000003,5.375,,0.3,3.1,12.9,26.0,29.1,19.1,7.6,1.8,0.2,0.0,2023-08-01_23,2023-08-01
2023-08-01 23:00:06.568103,USIRP25F10=R,2024-11-07,4.3822,75.63999999999999,5.375,0.2,2.4,10.5,22.8,28.4,21.6,10.4,3.2,0.6,0.1,0.0,2023-08-01_23,2023-08-01
2023-08-01 23:00:06.568103,USIRP25F11=R,2024-12-18,4.232,60.07999999999999,5.375,1.5,7.2,17.9,26.1,24.3,14.8,6.0,1.6,0.3,0.0,0.0,2023-08-01_23,2023-08-01
2023-08-02 23:00:06.619578,USIRP25F1=R,2023-09-20,5.4188,,5.375,,,,,,,,,82.5,17.5,,2023-08-02_23,2023-08-02
2023-08-02 23:00:06.619578,USIRP25F2=R,2023-11-01,5.4705,20.688,5.375,,,,,,,,,65.4,30.9,3.6,2023-08-02_23,2023-08-02
2023-08-02 23:00:06.619578,USIRP25F3=R,2023-12-13,5.4338,14.688,5.375,,,,,,,,9.6,60.4,26.9,3.1,2023-08-02_23,2023-08-02
2023-08-02 23:00:06.619578,USIRP25F4=R,2024-01-31,5.3637,28.000000000000004,5.375,,,,,,,2.7,23.8,51.0,20.3,2.2,2023-08-02_23,2023-08-02
2023-08-02 23:00:06.619578,USIRP25F5=R,2024-03-20,5.2488,45.98,5.375,,,,,,1.2,12.4,36.3,36.9,12.0,1.2,2023-08-02_23,2023-08-02
2023-08-02 23:00:06.619578,USIRP25F6=R,2024-05-01,5.1041,57.88,5.375,,,,,0.7,7.7,26.2,36.6,22.5,5.7,0.5,2023-08-02_23,2023-08-02
2023-08-02 23:00:06.619578,USIRP25F7=R,2024-06-12,4.9363,67.11999999999999,5.375,,,,0.5,5.4,20.2,33.2,27.1,11.2,2.2,0.2,2023-08-02_23,2023-08-02
2023-08-02 23:00:06.619578,USIRP25F8=R,2024-07-31,4.7688,67.0,5.375,,,0.3,3.8,15.3,28.9,29.1,16.5,5.2,0.8,0.1,2023-08-02_23,2023-08-02
2023-08-02 23:00:06.619578,USIRP25F9=R,2024-09-18,4.5763,77.00000000000003,5.375,,0.2,3.0,12.6,25.8,29.1,19.4,7.8,1.8,0.2,0.0,2023-08-02_23,2023-08-02
2023-08-02 23:00:06.619578,USIRP25F10=R,2024-11-07,4.3904,74.35999999999996,5.375,0.2,2.3,10.2,22.4,28.2,21.9,10.8,3.4,0.6,0.1,0.0,2023-08-02_23,2023-08-02
2023-08-02 23:00:06.619578,USIRP25F11=R,2024-12-18,4.244,58.56,5.375,1.4,6.9,17.3,25.8,24.5,15.4,6.4,1.8,0.3,0.0,0.0,2023-08-02_23,2023-08-02
2023-08-03 23:00:04.895169,USIRP25F1=R,2023-09-20,5.4188,,5.375,,,,,,,,,82.5,17.5,,2023-08-03_23,2023-08-03
2023-08-03 23:00:04.895169,USIRP25F2=R,2023-11-01,5.4653,18.62,5.375,,,,,,,,,67.1,29.6,3.3,2023-08-03_23,2023-08-03
2023-08-03 23:00:04.895169,USIRP25F3=R,2023-12-13,5.4288,14.619999999999996,5.375,,,,,,,,9.8,61.7,25.8,2.8,2023-08-03_23,2023-08-03
2023-08-03 23:00:04.895169,USIRP25F4=R,2024-01-31,5.3488,32.0,5.375,,,,,,,3.1,26.4,50.2,18.4,1.9,2023-08-03_23,2023-08-03
2023-08-03 23:00:04.895169,USIRP25F5=R,2024-03-20,5.2238,49.98,5.375,,,,,,1.6,14.8,38.3,34.3,10.1,0.9,2023-08-03_23,2023-08-03
2023-08-03 23:00:04.895169,USIRP25F6=R,2024-05-01,5.0688,62.000000000000014,5.375,,,,,1.0,9.8,29.3,35.8,19.3,4.4,0.4,2023-08-03_23,2023-08-03
2023-08-03 23:00:04.895169,USIRP25F7=R,2024-06-12,4.8913,70.99999999999999,5.375,,,,0.7,7.2,23.7,33.9,24.1,8.8,1.5,0.1,2023-08-03_23,2023-08-03
2023-08-03 23:00:04.895169,USIRP25F8=R,2024-07-31,4.7188,69.00000000000003,5.375,,,0.5,5.2,18.6,30.7,27.1,13.5,3.8,0.6,0.0,2023-08-03_23,2023-08-03
2023-08-03 23:00:04.895169,USIRP25F9=R,2024-09-18,4.5238,78.0,5.375,,0.4,4.2,15.6,28.1,27.9,16.5,5.9,1.3,0.1,0.0,2023-08-03_23,2023-08-03
2023-08-03 23:00:04.895169,USIRP25F10=R,2024-11-07,4.345,71.51999999999998,5.375,0.3,3.1,12.4,24.5,28.0,19.8,8.9,2.6,0.5,0.0,0.0,2023-08-03_23,2023-08-03
2023-08-03 23:00:04.895169,USIRP25F11=R,2024-12-18,4.202,57.19999999999998,5.375,1.9,8.4,19.3,26.5,23.3,13.6,5.3,1.4,0.2,0.0,0.0,2023-08-03_23,2023-08-03
2023-08-04 23:00:05.944510,USIRP25F1=R,2023-09-20,5.4088,,5.375,,,,,,,,,86.5,13.5,,2023-08-04_23,2023-08-04
2023-08-04 23:00:05.944510,USIRP25F2=R,2023-11-01,5.4605,20.688,5.375,,,,,,,,,68.6,28.6,2.8,2023-08-04_23,2023-08-04
2023-08-04 23:00:05.944510,USIRP25F3=R,2023-12-13,5.4238,14.688,5.375,,,,,,,,10.1,62.7,24.8,2.4,2023-08-04_23,2023-08-04
2023-08-04 23:00:05.944510,USIRP25F4=R,2024-01-31,5.3338,36.0,5.375,,,,,,,3.6,29.0,49.1,16.7,1.5,2023-08-04_23,2023-08-04
2023-08-04 23:00:05.944510,USIRP25F5=R,2024-03-20,5.1988,53.98,5.375,,,,,,2.0,17.3,39.9,31.6,8.5,0.7,2023-08-04_23,2023-08-04
2023-08-04 23:00:05.944510,USIRP25F6=R,2024-05-01,5.0335,66.11999999999999,5.375,,,,,1.3,12.1,32.2,34.4,16.4,3.4,0.2,2023-08-04_23,2023-08-04
2023-08-04 23:00:05.944510,USIRP25F7=R,2024-06-12,4.8488,73.88,5.375,,,,1.0,9.3,27.0,33.8,21.1,6.7,1.1,0.1,2023-08-04_23,2023-08-04
2023-08-04 23:00:05.944510,USIRP25F8=R,2024-07-31,4.6688,72.00000000000003,5.375,,,0.7,7.0,22.0,31.9,24.6,10.8,2.6,0.3,0.0,2023-08-04_23,2023-08-04
2023-08-04 23:00:05.944510,USIRP25F9=R,2024-09-18,4.4663,81.0,5.375,,0.6,5.8,19.2,30.0,26.0,13.4,4.2,0.8,0.1,0.0,2023-08-04_23,2023-08-04
2023-08-04 23:00:05.944510,USIRP25F10=R,2024-11-07,4.281,74.12,5.375,0.4,4.4,15.7,27.2,27.1,16.7,6.6,1.7,0.3,0.0,0.0,2023-08-04_23,2023-08-04
2023-08-04 23:00:05.944510,USIRP25F11=R,2024-12-18,4.134,58.79999999999996,5.375,2.8,11.1,22.5,27.1,20.9,10.7,3.7,0.8,0.1,0.0,0.0,2023-08-04_23,2023-08-04
2023-08-05 23:00:04.787391,USIRP25F1=R,2023-09-20,5.4062,,5.375,,,,,,,,,87.5,12.5,,2023-08-05_23,2023-08-05
2023-08-05 23:00:04.787391,USIRP25F2=R,2023-11-01,5.4528,18.62,5.375,,,,,,,,,71.2,26.5,2.3,2023-08-05_23,2023-08-05
2023-08-05 23:00:04.787391,USIRP25F3=R,2023-12-13,5.4162,14.62,5.375,,,,,,,,10.4,64.7,22.9,2.0,2023-08-05_23,2023-08-05
2023-08-05 23:00:04.787391,USIRP25F4=R,2024-01-31,5.3162,40.0,5.375,,,,,,,4.2,32.1,48.0,14.6,1.2,2023-08-05_23,2023-08-05
2023-08-05 23:00:04.787391,USIRP25F5=R,2024-03-20,5.1663,59.98,5.375,,,,,,2.5,20.9,41.6,27.9,6.5,0.5,2023-08-05_23,2023-08-05
2023-08-05 23:00:04.787391,USIRP25F6=R,2024-05-01,4.9932,69.24,5.375,,,,,1.7,15.3,35.3,32.1,13.1,2.3,0.1,2023-08-05_23,2023-08-05
2023-08-05 23:00:04.787391,USIRP25F7=R,2024-06-12,4.8188,69.75999999999999,5.375,,,,1.2,11.2,29.2,33.1,18.9,5.6,0.8,0.0,2023-08-05_23,2023-08-05
2023-08-05 23:00:04.787391,USIRP25F8=R,2024-07-31,4.6338,74.00000000000003,5.375,,,0.9,8.6,24.5,32.1,22.6,9.1,2.1,0.2,0.0,2023-08-05_23,2023-08-05
2023-08-05 23:00:04.787391,USIRP25F9=R,2024-09-18,4.4238,84.0,5.375,,0.7,7.3,22.0,30.9,24.1,11.2,3.2,0.5,0.0,0.0,2023-08-05_23,2023-08-05
2023-08-05 23:00:04.787391,USIRP25F10=R,2024-11-07,4.235,75.51999999999998,5.375,0.6,5.7,18.4,28.7,25.7,14.4,5.1,1.2,0.2,0.0,0.0,2023-08-05_23,2023-08-05
2023-08-05 23:00:04.787391,USIRP25F11=R,2024-12-18,4.089,58.39999999999998,5.375,3.6,13.1,24.4,27.0,19.1,9.0,2.8,0.6,0.1,0.0,0.0,2023-08-05_23,2023-08-05
2023-08-06 23:00:05.893434,USIRP25F1=R,2023-09-20,5.4062,,5.375,,,,,,,,,87.5,12.5,,2023-08-06_23,2023-08-06
2023-08-06 23:00:05.893434,USIRP25F2=R,2023-11-01,5.4528,18.62,5.375,,,,,,,,,71.2,26.5,2.3,2023-08-06_23,2023-08-06
2023-08-06 23:00:05.893434,USIRP25F3=R,2023-12-13,5.4162,14.62,5.375,,,,,,,,10.4,64.7,22.9,2.0,2023-08-06_23,2023-08-06
2023-08-06 23:00:05.893434,USIRP25F4=R,2024-01-31,5.3162,40.0,5.375,,,,,,,4.2,32.1,48.0,14.6,1.2,2023-08-06_23,2023-08-06
2023-08-06 23:00:05.893434,USIRP25F5=R,2024-03-20,5.1663,59.98,5.375,,,,,,2.5,20.9,41.6,27.9,6.5,0.5,2023-08-06_23,2023-08-06
2023-08-06 23:00:05.893434,USIRP25F6=R,2024-05-01,4.9932,69.24,5.375,,,,,1.7,15.3,35.3,32.1,13.1,2.3,0.1,2023-08-06_23,2023-08-06
2023-08-06 23:00:05.893434,USIRP25F7=R,2024-06-12,4.8188,69.75999999999999,5.375,,,,1.2,11.2,29.2,33.1,18.9,5.6,0.8,0.0,2023-08-06_23,2023-08-06
2023-08-06 23:00:05.893434,USIRP25F8=R,2024-07-31,4.6338,74.00000000000003,5.375,,,0.9,8.6,24.5,32.1,22.6,9.1,2.1,0.2,0.0,2023-08-06_23,2023-08-06
2023-08-06 23:00:05.893434,USIRP25F9=R,2024-09-18,4.4238,84.0,5.375,,0.7,7.3,22.0,30.9,24.1,11.2,3.2,0.5,0.0,0.0,2023-08-06_23,2023-08-06
2023-08-06 23:00:05.893434,USIRP25F10=R,2024-11-07,4.235,75.51999999999998,5.375,0.6,5.7,18.4,28.7,25.7,14.4,5.1,1.2,0.2,0.0,0.0,2023-08-06_23,2023-08-06
2023-08-06 23:00:05.893434,USIRP25F11=R,2024-12-18,4.089,58.39999999999998,5.375,3.6,13.1,24.4,27.0,19.1,9.0,2.8,0.6,0.1,0.0,0.0,2023-08-06_23,2023-08-06
2023-08-07 22:00:07.154500,USIRP25F1=R,2023-09-20,5.4088,,5.375,,,,,,,,,86.5,13.5,,2023-08-07_22,2023-08-07
2023-08-07 22:00:07.154500,USIRP25F2=R,2023-11-01,5.4656,22.76,5.375,,,,,,,,,66.8,30.1,3.1,2023-08-07_22,2023-08-07
2023-08-07 22:00:07.154500,USIRP25F3=R,2023-12-13,5.4288,14.759999999999998,5.375,,,,,,,,9.9,61.4,26.1,2.6,2023-08-07_22,2023-08-07
2023-08-07 22:00:07.154500,USIRP25F4=R,2024-01-31,5.3338,38.0,5.375,,,,,,,3.7,29.4,48.0,17.2,1.6,2023-08-07_22,2023-08-07
2023-08-07 22:00:07.154500,USIRP25F5=R,2024-03-20,5.1938,55.98,5.375,,,,,,2.1,18.1,39.8,30.8,8.5,0.7,2023-08-07_22,2023-08-07
2023-08-07 22:00:07.154500,USIRP25F6=R,2024-05-01,5.0181,70.27999999999999,5.375,,,,,1.5,13.4,33.4,33.4,15.1,3.0,0.2,2023-08-07_22,2023-08-07
2023-08-07 22:00:07.154500,USIRP25F7=R,2024-06-12,4.8238,77.72,5.375,,,,1.1,10.7,28.9,33.4,19.2,5.7,0.8,0.0,2023-08-07_22,2023-08-07
2023-08-07 22:00:07.154500,USIRP25F8=R,2024-07-31,4.6288,78.00000000000003,5.375,,,0.9,8.6,24.9,32.4,22.3,8.7,1.9,0.2,0.0,2023-08-07_22,2023-08-07
2023-08-07 22:00:07.154500,USIRP25F9=R,2024-09-18,4.4138,86.0,5.375,,0.8,7.5,22.6,31.4,23.7,10.6,2.9,0.5,0.0,0.0,2023-08-07_22,2023-08-07
2023-08-07 22:00:07.154500,USIRP25F10=R,2024-11-07,4.222,76.71999999999997,5.375,0.6,6.0,19.1,29.3,25.5,13.6,4.7,1.0,0.1,0.0,0.0,2023-08-07_22,2023-08-07
2023-08-07 22:00:07.154500,USIRP25F11=R,2024-12-18,4.067,62.00000000000006,5.375,3.9,14.1,25.5,27.0,18.2,8.1,2.4,0.5,0.1,0.0,0.0,2023-08-07_22,2023-08-07
2023-08-08 08:00:06.038262,USIRP25F1=R,2023-09-20,5.4088,,5.375,,,,,,,,,86.5,13.5,,2023-08-08_08,2023-08-08
2023-08-08 08:00:06.038262,USIRP25F2=R,2023-11-01,5.4631,21.724,5.375,,,,,,,,,67.7,29.4,2.9,2023-08-08_08,2023-08-08
2023-08-08 08:00:06.038262,USIRP25F3=R,2023-12-13,5.4288,13.723999999999997,5.375,,,,,,,,9.3,62.4,25.7,2.5,2023-08-08_08,2023-08-08
2023-08-08 08:00:06.038262,USIRP25F4=R,2024-01-31,5.3288,40.0,5.375,,,,,,,3.7,30.6,47.8,16.5,1.5,2023-08-08_08,2023-08-08
2023-08-08 08:00:06.038262,USIRP25F5=R,2024-03-20,5.1788,59.98,5.375,,,,,,2.2,19.8,40.9,29.0,7.5,0.6,2023-08-08_08,2023-08-08
2023-08-08 08:00:06.038262,USIRP25F6=R,2024-05-01,5.0031,70.27999999999999,5.375,,,,,1.6,14.6,34.6,32.5,13.9,2.7,0.2,2023-08-08_08,2023-08-08
2023-08-08 08:00:06.038262,USIRP25F7=R,2024-06-12,4.8013,80.72,5.375,,,,1.3,12.1,30.8,32.9,17.5,4.8,0.7,0.0,2023-08-08_08,2023-08-08
2023-08-08 08:00:06.038262,USIRP25F8=R,2024-07-31,4.6038,79.00000000000003,5.375,,,1.0,9.8,26.8,32.5,20.7,7.5,1.5,0.2,0.0,2023-08-08_08,2023-08-08
2023-08-08 08:00:06.038262,USIRP25F9=R,2024-09-18,4.3838,88.0,5.375,,0.9,8.7,24.8,31.8,22.1,9.1,2.2,0.3,0.0,0.0,2023-08-08_08,2023-08-08
2023-08-08 08:00:06.038262,USIRP25F10=R,2024-11-07,4.192,76.71999999999997,5.375,0.7,6.9,21.1,30.2,24.4,12.1,3.8,0.8,0.1,0.0,0.0,2023-08-08_08,2023-08-08
2023-08-08 08:00:06.038262,USIRP25F11=R,2024-12-18,4.039,61.19999999999999,5.375,4.5,15.6,26.6,26.6,16.9,7.0,2.0,0.4,0.0,0.0,0.0,2023-08-08_08,2023-08-08
2023-08-09 23:00:07.499011,USIRP25F1=R,2023-09-20,5.4088,,5.375,,,,,,,,,86.5,13.5,,2023-08-09_23,2023-08-09
2023-08-09 23:00:07.499011,USIRP25F2=R,2023-11-01,5.4605,20.688,5.375,,,,,,,,,68.6,28.6,2.8,2023-08-09_23,2023-08-09
2023-08-09 23:00:07.499011,USIRP25F3=R,2023-12-13,5.4188,16.688000000000002,5.375,,,,,,,,11.4,61.9,24.3,2.3,2023-08-09_23,2023-08-09
2023-08-09 23:00:07.499011,USIRP25F4=R,2024-01-31,5.3262,37.0,5.375,,,,,,,4.2,30.1,48.0,16.2,1.5,2023-08-09_23,2023-08-09
2023-08-09 23:00:07.499011,USIRP25F5=R,2024-03-20,5.1838,56.98000000000001,5.375,,,,,,2.4,19.0,40.3,29.9,7.8,0.6,2023-08-09_23,2023-08-09
2023-08-09 23:00:07.499011,USIRP25F6=R,2024-05-01,5.0133,68.2,5.375,,,,,1.6,13.7,33.5,33.2,14.8,2.9,0.2,2023-08-09_23,2023-08-09
2023-08-09 23:00:07.499011,USIRP25F7=R,2024-06-12,4.8188,77.79999999999998,5.375,,,,1.3,11.0,29.1,33.3,18.9,5.5,0.8,0.0,2023-08-09_23,2023-08-09
2023-08-09 23:00:07.499011,USIRP25F8=R,2024-07-31,4.6188,80.00000000000003,5.375,,,1.0,9.1,25.5,32.4,21.8,8.2,1.8,0.2,0.0,2023-08-09_23,2023-08-09
2023-08-09 23:00:07.499011,USIRP25F9=R,2024-09-18,4.4013,87.0,5.375,,0.9,8.0,23.4,31.5,23.2,10.0,2.6,0.4,0.0,0.0,2023-08-09_23,2023-08-09
2023-08-09 23:00:07.499011,USIRP25F10=R,2024-11-07,4.206,78.12,5.375,0.7,6.5,20.0,29.8,25.0,12.9,4.2,0.9,0.1,0.0,0.0,2023-08-09_23,2023-08-09
2023-08-09 23:00:07.499011,USIRP25F11=R,2024-12-18,4.044,64.79999999999995,5.375,4.4,15.3,26.3,26.7,17.1,7.3,2.1,0.4,0.0,0.0,0.0,2023-08-09_23,2023-08-09
2023-08-10 23:00:06.280901,USIRP25F1=R,2023-09-20,5.3988,,5.375,,,,,,,,,90.5,9.5,,2023-08-10_23,2023-08-10
2023-08-10 23:00:06.280901,USIRP25F2=R,2023-11-01,5.4453,18.62,5.375,,,,,,,,,73.6,24.6,1.8,2023-08-10_23,2023-08-10
2023-08-10 23:00:06.280901,USIRP25F3=R,2023-12-13,5.4062,15.62,5.375,,,,,,,,11.5,66.0,21.0,1.5,2023-08-10_23,2023-08-10
2023-08-10 23:00:06.280901,USIRP25F4=R,2024-01-31,5.3088,39.0,5.375,,,,,,,4.5,32.8,48.4,13.4,0.9,2023-08-10_23,2023-08-10
2023-08-10 23:00:06.280901,USIRP25F5=R,2024-03-20,5.1663,56.98000000000001,5.375,,,,,,2.6,20.6,41.7,28.5,6.3,0.4,2023-08-10_23,2023-08-10
2023-08-10 23:00:06.280901,USIRP25F6=R,2024-05-01,4.9984,67.15999999999998,5.375,,,,,1.7,14.7,34.8,32.8,13.6,2.3,0.1,2023-08-10_23,2023-08-10
2023-08-10 23:00:06.280901,USIRP25F7=R,2024-06-12,4.8038,77.84,5.375,,,,1.3,11.8,30.3,33.3,17.8,4.8,0.6,0.0,2023-08-10_23,2023-08-10
2023-08-10 23:00:06.280901,USIRP25F8=R,2024-07-31,4.6063,79.00000000000003,5.375,,,1.1,9.6,26.4,32.6,21.1,7.6,1.5,0.2,0.0,2023-08-10_23,2023-08-10
2023-08-10 23:00:06.280901,USIRP25F9=R,2024-09-18,4.3913,86.0,5.375,,0.9,8.4,24.1,31.8,22.7,9.4,2.3,0.3,0.0,0.0,2023-08-10_23,2023-08-10
2023-08-10 23:00:06.280901,USIRP25F10=R,2024-11-07,4.199,76.91999999999996,5.375,0.7,6.7,20.5,30.0,24.8,12.5,4.0,0.8,0.1,0.0,0.0,2023-08-10_23,2023-08-10
2023-08-10 23:00:06.280901,USIRP25F11=R,2024-12-18,4.042,62.80000000000007,5.375,4.5,15.3,26.4,26.7,17.1,7.2,2.0,0.4,0.0,0.0,0.0,2023-08-10_23,2023-08-10
2023-08-11 23:00:06.355532,USIRP25F1=R,2023-09-20,5.4037,,5.375,,,,,,,,,88.5,11.5,,2023-08-11_23,2023-08-11
2023-08-11 23:00:06.355532,USIRP25F2=R,2023-11-01,5.4658,24.828000000000003,5.375,,,,,,,,,66.5,30.6,2.9,2023-08-11_23,2023-08-11
2023-08-11 23:00:06.355532,USIRP25F3=R,2023-12-13,5.4388,10.828000000000005,5.375,,,,,,,,7.2,62.6,27.6,2.5,2023-08-11_23,2023-08-11
2023-08-11 23:00:06.355532,USIRP25F4=R,2024-01-31,5.3588,32.0,5.375,,,,,,,2.3,24.9,51.4,19.6,1.7,2023-08-11_23,2023-08-11
2023-08-11 23:00:06.355532,USIRP25F5=R,2024-03-20,5.2338,49.98,5.375,,,,,,1.2,13.6,38.2,35.5,10.7,0.9,2023-08-11_23,2023-08-11
2023-08-11 23:00:06.355532,USIRP25F6=R,2024-05-01,5.0891,57.88,5.375,,,,,0.7,8.4,27.8,36.6,21.1,5.0,0.4,2023-08-11_23,2023-08-11
2023-08-11 23:00:06.355532,USIRP25F7=R,2024-06-12,4.9038,74.11999999999999,5.375,,,,0.5,6.4,22.8,34.4,25.1,9.2,1.6,0.1,2023-08-11_23,2023-08-11
2023-08-11 23:00:06.355532,USIRP25F8=R,2024-07-31,4.7188,74.00000000000003,5.375,,,0.4,4.8,18.5,31.4,27.5,13.3,3.5,0.5,0.0,2023-08-11_23,2023-08-11
2023-08-11 23:00:06.355532,USIRP25F9=R,2024-09-18,4.5138,82.0,5.375,,0.3,4.0,16.1,29.0,28.2,15.9,5.3,1.0,0.1,0.0,2023-08-11_23,2023-08-11
2023-08-11 23:00:06.355532,USIRP25F10=R,2024-11-07,4.328,74.32,5.375,0.2,3.1,13.0,25.7,28.4,19.1,8.0,2.1,0.3,0.0,0.0,2023-08-11_23,2023-08-11
2023-08-11 23:00:06.355532,USIRP25F11=R,2024-12-18,4.174,61.599999999999966,5.375,2.0,9.2,20.8,27.4,22.7,12.3,4.4,1.0,0.2,0.0,0.0,2023-08-11_23,2023-08-11
2023-08-12 14:00:05.330722,USIRP25F1=R,2023-09-20,5.4037,,5.375,,,,,,,,,88.5,11.5,,2023-08-12_14,2023-08-12
2023-08-12 14:00:05.330722,USIRP25F2=R,2023-11-01,5.4658,24.828000000000003,5.375,,,,,,,,,66.5,30.6,2.9,2023-08-12_14,2023-08-12
2023-08-12 14:00:05.330722,USIRP25F3=R,2023-12-13,5.4412,9.828000000000005,5.375,,,,,,,,6.5,63.0,27.9,2.6,2023-08-12_14,2023-08-12
2023-08-12 14:00:05.330722,USIRP25F4=R,2024-01-31,5.3637,31.0,5.375,,,,,,,2.0,24.0,52.1,20.0,1.8,2023-08-12_14,2023-08-12
2023-08-12 14:00:05.330722,USIRP25F5=R,2024-03-20,5.2513,44.98,5.375,,,,,,0.9,11.9,36.7,37.7,11.8,1.0,2023-08-12_14,2023-08-12
2023-08-12 14:00:05.330722,USIRP25F6=R,2024-05-01,5.1092,56.84,5.375,,,,,0.5,7.2,26.0,37.2,23.0,5.7,0.4,2023-08-12_14,2023-08-12
2023-08-12 14:00:05.330722,USIRP25F7=R,2024-06-12,4.9238,74.16,5.375,,,,0.4,5.5,21.1,34.3,26.7,10.1,1.8,0.1,2023-08-12_14,2023-08-12
2023-08-12 14:00:05.330722,USIRP25F8=R,2024-07-31,4.8563,27.0,5.375,,,0.1,1.8,9.7,24.7,32.3,22.2,7.9,1.3,0.1,2023-08-12_14,2023-08-12
2023-08-12 14:00:05.330722,USIRP25F9=R,2024-09-18,4.5513,122.0,5.375,,,,,29.5,70.5,,,,,,2023-08-12_14,2023-08-12
2023-08-12 14:00:05.330722,USIRP25F10=R,2024-11-07,4.356,78.12,5.375,,,,23.0,61.5,15.4,,,,,,2023-08-12_14,2023-08-12
2023-08-12 14:00:05.330722,USIRP25F11=R,2024-12-18,4.212,57.599999999999966,5.375,,,13.3,45.2,35.0,6.5,,,,,,2023-08-12_14,2023-08-12
2023-08-13 23:00:07.391961,USIRP25F1=R,2023-09-20,5.4037,,5.375,,,,,,,,,88.5,11.5,,2023-08-13_23,2023-08-13
2023-08-13 23:00:07.391961,USIRP25F2=R,2023-11-01,5.4658,24.828000000000003,5.375,,,,,,,,,66.5,30.6,2.9,2023-08-13_23,2023-08-13
2023-08-13 23:00:07.391961,USIRP25F3=R,2023-12-13,5.4412,9.828000000000005,5.375,,,,,,,,6.5,63.0,27.9,2.6,2023-08-13_23,2023-08-13
2023-08-13 23:00:07.391961,USIRP25F4=R,2024-01-31,5.3637,31.0,5.375,,,,,,,2.0,24.0,52.1,20.0,1.8,2023-08-13_23,2023-08-13
2023-08-13 23:00:07.391961,USIRP25F5=R,2024-03-20,5.2513,44.98,5.375,,,,,,0.9,11.9,36.7,37.7,11.8,1.0,2023-08-13_23,2023-08-13
2023-08-13 23:00:07.391961,USIRP25F6=R,2024-05-01,5.1092,56.84,5.375,,,,,0.5,7.2,26.0,37.2,23.0,5.7,0.4,2023-08-13_23,2023-08-13
2023-08-13 23:00:07.391961,USIRP25F7=R,2024-06-12,4.9238,74.16,5.375,,,,0.4,5.5,21.1,34.3,26.7,10.1,1.8,0.1,2023-08-13_23,2023-08-13
2023-08-13 23:00:07.391961,USIRP25F8=R,2024-07-31,4.8563,27.0,5.375,,,0.1,1.8,9.7,24.7,32.3,22.2,7.9,1.3,0.1,2023-08-13_23,2023-08-13
2023-08-13 23:00:07.391961,USIRP25F9=R,2024-09-18,4.5513,122.0,5.375,,,,,29.5,70.5,,,,,,2023-08-13_23,2023-08-13
2023-08-13 23:00:07.391961,USIRP25F10=R,2024-11-07,4.356,78.12,5.375,,,,23.0,61.5,15.4,,,,,,2023-08-13_23,2023-08-13
2023-08-13 23:00:07.391961,USIRP25F11=R,2024-12-18,4.212,57.599999999999966,5.375,,,13.3,45.2,35.0,6.5,,,,,,2023-08-13_23,2023-08-13
2023-08-14 23:00:07.102781,USIRP25F1=R,2023-09-20,5.4037,,5.375,,,,,,,,,88.5,11.5,,2023-08-14_23,2023-08-14
2023-08-14 23:00:07.102781,USIRP25F2=R,2023-11-01,5.4762,28.964,5.375,,,,,,,,,62.9,33.8,3.3,2023-08-14_23,2023-08-14
2023-08-14 23:00:07.102781,USIRP25F3=R,2023-12-13,5.4538,8.963999999999999,5.375,,,,,,,,5.6,60.3,31.1,3.0,2023-08-14_23,2023-08-14
2023-08-14 23:00:07.102781,USIRP25F4=R,2024-01-31,5.3912,25.0,5.375,,,,,,,1.4,19.3,53.0,24.1,2.3,2023-08-14_23,2023-08-14
2023-08-14 23:00:07.102781,USIRP25F5=R,2024-03-20,5.2838,43.0,5.375,,,,,,0.6,9.1,33.8,40.5,14.7,1.3,2023-08-14_23,2023-08-14
2023-08-14 23:00:07.102781,USIRP25F6=R,2024-05-01,5.1469,54.74,5.375,,,,,0.3,5.3,22.6,37.5,26.4,7.4,0.6,2023-08-14_23,2023-08-14
2023-08-14 23:00:07.102781,USIRP25F7=R,2024-06-12,4.9788,67.24,5.375,,,,0.2,3.6,16.9,32.6,30.0,13.6,2.8,0.2,2023-08-14_23,2023-08-14
2023-08-14 23:00:07.102781,USIRP25F8=R,2024-07-31,4.8063,69.0,5.375,,,0.2,2.6,12.8,27.7,30.8,18.7,6.1,1.0,0.1,2023-08-14_23,2023-08-14
2023-08-14 23:00:07.102781,USIRP25F9=R,2024-09-18,4.6113,78.00000000000003,5.375,,0.1,2.0,10.6,24.5,30.1,21.4,8.9,2.1,0.3,0.0,2023-08-14_23,2023-08-14
2023-08-14 23:00:07.102781,USIRP25F10=R,2024-11-07,4.4385,69.12,5.375,0.1,1.5,7.9,20.2,28.4,24.1,12.8,4.2,0.8,0.1,0.0,2023-08-14_23,2023-08-14
2023-08-14 23:00:07.102781,USIRP25F11=R,2024-12-18,4.292,58.599999999999966,5.375,0.9,5.2,15.1,25.0,25.9,17.4,7.8,2.2,0.4,0.0,0.0,2023-08-14_23,2023-08-14
2023-08-15 23:00:07.003640,USIRP25F1=R,2023-09-20,5.4037,,5.375,,,,,,,,,88.5,11.5,,2023-08-15_23,2023-08-15
2023-08-15 23:00:07.003640,USIRP25F2=R,2023-11-01,5.471,26.896000000000004,5.375,,,,,,,,,64.7,32.2,3.1,2023-08-15_23,2023-08-15
2023-08-15 23:00:07.003640,USIRP25F3=R,2023-12-13,5.4438,10.896,5.375,,,,,,,,7.0,61.2,29.0,2.8,2023-08-15_23,2023-08-15
2023-08-15 23:00:07.003640,USIRP25F4=R,2024-01-31,5.3712,29.0,5.375,,,,,,,2.0,22.7,51.8,21.4,2.0,2023-08-15_23,2023-08-15
2023-08-15 23:00:07.003640,USIRP25F5=R,2024-03-20,5.2588,44.98,5.375,,,,,,0.9,11.4,35.8,38.2,12.7,1.1,2023-08-15_23,2023-08-15
2023-08-15 23:00:07.003640,USIRP25F6=R,2024-05-01,5.1245,53.72,5.375,,,,,0.5,6.5,24.5,37.1,24.5,6.4,0.5,2023-08-15_23,2023-08-15
2023-08-15 23:00:07.003640,USIRP25F7=R,2024-06-12,4.9513,69.27999999999999,5.375,,,,0.3,4.7,19.0,33.2,28.3,12.0,2.3,0.2,2023-08-15_23,2023-08-15
2023-08-15 23:00:07.003640,USIRP25F8=R,2024-07-31,4.7763,70.0,5.375,,,0.2,3.4,14.7,28.9,29.8,16.9,5.2,0.8,0.0,2023-08-15_23,2023-08-15
2023-08-15 23:00:07.003640,USIRP25F9=R,2024-09-18,4.5738,81.00000000000003,5.375,,0.2,2.8,12.5,26.2,29.6,19.3,7.4,1.6,0.2,0.0,2023-08-15_23,2023-08-15
2023-08-15 23:00:07.003640,USIRP25F10=R,2024-11-07,4.3912,73.03999999999996,5.375,0.1,2.1,9.9,22.5,28.7,22.1,10.6,3.2,0.6,0.1,0.0,2023-08-15_23,2023-08-15
2023-08-15 23:00:07.003640,USIRP25F11=R,2024-12-18,4.242,59.680000000000014,5.375,1.3,6.8,17.4,26.2,24.8,15.3,6.2,1.6,0.3,0.0,0.0,2023-08-15_23,2023-08-15
2023-08-16 08:00:07.579221,USIRP25F1=R,2023-09-20,5.3988,,5.375,,,,,,,,,90.5,9.5,,2023-08-16_08,2023-08-16
2023-08-16 08:00:07.579221,USIRP25F2=R,2023-11-01,5.4712,28.964,5.375,,,,,,,,,64.3,33.0,2.8,2023-08-16_08,2023-08-16
2023-08-16 08:00:07.579221,USIRP25F3=R,2023-12-13,5.4438,10.964,5.375,,,,,,,,7.0,60.9,29.6,2.4,2023-08-16_08,2023-08-16
2023-08-16 08:00:07.579221,USIRP25F4=R,2024-01-31,5.3788,26.0,5.375,,,,,,,1.8,21.0,52.7,22.6,1.8,2023-08-16_08,2023-08-16
2023-08-16 08:00:07.579221,USIRP25F5=R,2024-03-20,5.2787,40.0,5.375,,,,,,0.7,9.5,33.7,40.7,14.3,1.1,2023-08-16_08,2023-08-16
2023-08-16 08:00:07.579221,USIRP25F6=R,2024-05-01,5.1548,49.58,5.375,,,,,0.4,5.1,21.5,37.2,27.6,7.7,0.5,2023-08-16_08,2023-08-16
2023-08-16 08:00:07.579221,USIRP25F7=R,2024-06-12,4.9913,65.39999999999999,5.375,,,,0.2,3.5,15.8,31.8,30.9,14.6,3.0,0.2,2023-08-16_08,2023-08-16
2023-08-16 08:00:07.579221,USIRP25F8=R,2024-07-31,4.8238,67.0,5.375,,,0.2,2.4,11.7,26.5,31.2,20.0,6.9,1.1,0.1,2023-08-16_08,2023-08-16
2023-08-16 08:00:07.579221,USIRP25F9=R,2024-09-18,4.6313,77.00000000000003,5.375,,0.1,1.9,9.6,23.1,30.1,22.6,9.9,2.4,0.3,0.0,2023-08-16_08,2023-08-16
2023-08-16 08:00:07.579221,USIRP25F10=R,2024-11-07,4.4585,69.12,5.375,0.1,1.3,7.2,18.9,27.9,24.9,13.8,4.7,1.0,0.1,0.0,2023-08-16_08,2023-08-16
2023-08-16 08:00:07.579221,USIRP25F11=R,2024-12-18,4.312,58.599999999999966,5.375,0.8,4.8,14.1,24.2,26.2,18.4,8.5,2.5,0.5,0.0,0.0,2023-08-16_08,2023-08-16
